azimuth_deg,intensity_cm2_s_deg
0.0,0.000000000000e+00
1.0,8.850241545894e-11
2.0,8.850241545894e-11
3.0,8.637681159420e-11
4.0,9.024154589372e-11
5.0,9.024154589372e-11
6.0,8.888888888889e-11
7.0,9.400966183575e-11
8.0,9.207729468599e-11
9.0,9.207729468599e-11
10.0,9.410628019324e-11
11.0,9.536231884058e-11
12.0,9.536231884058e-11
13.0,9.516908212560e-11
14.0,1.011594202899e-10
15.0,1.011594202899e-10
16.0,1.000000000000e-10
17.0,1.007729468599e-10
18.0,1.009661835749e-10
19.0,1.009661835749e-10
20.0,9.864734299517e-11
21.0,1.021256038647e-10
22.0,1.021256038647e-10
23.0,1.034782608696e-10
24.0,1.055072463768e-10
25.0,1.055072463768e-10
26.0,1.062801932367e-10
27.0,1.086956521739e-10
28.0,1.086956521739e-10
29.0,1.053140096618e-10
30.0,1.102415458937e-10
31.0,1.097584541063e-10
32.0,1.097584541063e-10
33.0,1.124637681159e-10
34.0,1.089855072464e-10
35.0,1.089855072464e-10
36.0,1.128502415459e-10
37.0,1.110144927536e-10
38.0,1.110144927536e-10
39.0,1.089855072464e-10
40.0,1.169082125604e-10
41.0,1.169082125604e-10
42.0,1.184541062802e-10
43.0,1.158454106280e-10
44.0,1.190338164251e-10
45.0,1.190338164251e-10
46.0,1.191304347826e-10
47.0,1.203864734300e-10
48.0,1.203864734300e-10
49.0,1.202898550725e-10
50.0,1.196135265700e-10
51.0,1.196135265700e-10
52.0,1.189371980676e-10
53.0,1.241545893720e-10
54.0,1.220289855072e-10
55.0,1.220289855072e-10
56.0,1.246376811594e-10
57.0,1.263768115942e-10
58.0,1.263768115942e-10
59.0,1.290821256039e-10
60.0,1.236714975845e-10
61.0,1.236714975845e-10
62.0,1.257004830918e-10
63.0,1.263768115942e-10
64.0,1.263768115942e-10
65.0,1.307246376812e-10
66.0,1.262801932367e-10
67.0,1.254106280193e-10
68.0,1.254106280193e-10
69.0,1.298550724638e-10
70.0,1.265700483092e-10
71.0,1.265700483092e-10
72.0,1.269565217391e-10
73.0,1.251207729469e-10
74.0,1.251207729469e-10
75.0,1.256038647343e-10
76.0,1.246376811594e-10
77.0,1.246376811594e-10
78.0,1.229951690821e-10
79.0,1.233816425121e-10
80.0,1.210628019324e-10
81.0,1.210628019324e-10
82.0,1.213526570048e-10
83.0,1.200966183575e-10
84.0,1.200966183575e-10
85.0,1.199033816425e-10
86.0,1.188405797101e-10
87.0,1.188405797101e-10
88.0,1.161352657005e-10
89.0,1.159420289855e-10
90.0,1.140096618357e-10
91.0,1.140096618357e-10
92.0,1.090821256039e-10
93.0,1.099516908213e-10
94.0,1.099516908213e-10
95.0,1.049275362319e-10
96.0,1.055072463768e-10
97.0,1.055072463768e-10
98.0,1.016425120773e-10
99.0,9.951690821256e-11
100.0,9.951690821256e-11
101.0,9.951690821256e-11
102.0,9.536231884058e-11
103.0,9.603864734300e-11
104.0,9.603864734300e-11
105.0,9.053140096618e-11
106.0,9.130434782609e-11
107.0,9.130434782609e-11
108.0,8.734299516908e-11
109.0,8.531400966184e-11
110.0,8.531400966184e-11
111.0,8.425120772947e-11
112.0,7.768115942029e-11
113.0,7.768115942029e-11
114.0,7.768115942029e-11
115.0,7.391304347826e-11
116.0,7.053140096618e-11
117.0,7.053140096618e-11
118.0,6.579710144928e-11
119.0,6.589371980676e-11
120.0,6.589371980676e-11
121.0,6.444444444444e-11
122.0,6.000000000000e-11
123.0,6.000000000000e-11
124.0,5.884057971014e-11
125.0,5.661835748792e-11
126.0,5.352657004831e-11
127.0,5.352657004831e-11
128.0,4.917874396135e-11
129.0,4.724637681159e-11
130.0,4.724637681159e-11
131.0,4.743961352657e-11
132.0,4.801932367150e-11
133.0,4.801932367150e-11
134.0,4.975845410628e-11
135.0,4.975845410628e-11
136.0,4.975845410628e-11
137.0,4.811594202899e-11
138.0,5.014492753623e-11
139.0,4.917874396135e-11
140.0,4.917874396135e-11
141.0,5.207729468599e-11
142.0,5.439613526570e-11
143.0,5.439613526570e-11
144.0,5.574879227053e-11
145.0,5.497584541063e-11
146.0,5.497584541063e-11
147.0,5.584541062802e-11
148.0,5.816425120773e-11
149.0,5.816425120773e-11
150.0,5.661835748792e-11
151.0,6.270531400966e-11
152.0,6.135265700483e-11
153.0,6.135265700483e-11
154.0,6.792270531401e-11
155.0,6.589371980676e-11
156.0,6.589371980676e-11
157.0,6.502415458937e-11
158.0,7.004830917874e-11
159.0,7.004830917874e-11
160.0,6.724637681159e-11
161.0,7.101449275362e-11
162.0,7.111111111111e-11
163.0,7.111111111111e-11
164.0,7.062801932367e-11
165.0,6.792270531401e-11
166.0,6.792270531401e-11
167.0,6.859903381643e-11
168.0,6.579710144928e-11
169.0,6.579710144928e-11
170.0,6.734299516908e-11
171.0,6.637681159420e-11
172.0,6.637681159420e-11
173.0,6.695652173913e-11
174.0,6.492753623188e-11
175.0,6.579710144928e-11
176.0,6.579710144928e-11
177.0,6.521739130435e-11
178.0,6.483091787440e-11
179.0,6.483091787440e-11
180.0,6.840579710145e-11
181.0,6.966183574879e-11
182.0,6.966183574879e-11
183.0,7.217391304348e-11
184.0,7.314009661836e-11
185.0,7.314009661836e-11
186.0,7.816425120773e-11
187.0,8.483091787440e-11
188.0,8.821256038647e-11
189.0,8.821256038647e-11
190.0,9.178743961353e-11
191.0,9.574879227053e-11
192.0,9.574879227053e-11
193.0,9.420289855072e-11
194.0,9.806763285024e-11
195.0,9.806763285024e-11
196.0,9.632850241546e-11
197.0,9.410628019324e-11
198.0,9.410628019324e-11
199.0,9.884057971014e-11
200.0,9.603864734300e-11
201.0,9.188405797101e-11
202.0,9.188405797101e-11
203.0,9.043478260870e-11
204.0,8.782608695652e-11
205.0,8.782608695652e-11
206.0,8.647342995169e-11
207.0,8.019323671498e-11
208.0,8.019323671498e-11
209.0,7.739130434783e-11
210.0,7.381642512077e-11
211.0,7.004830917874e-11
212.0,7.004830917874e-11
213.0,6.531400966184e-11
214.0,6.734299516908e-11
215.0,6.734299516908e-11
216.0,6.193236714976e-11
217.0,6.009661835749e-11
218.0,6.009661835749e-11
219.0,5.826086956522e-11
220.0,5.516908212560e-11
221.0,5.516908212560e-11
222.0,5.169082125604e-11
223.0,4.898550724638e-11
224.0,4.782608695652e-11
225.0,4.782608695652e-11
226.0,4.473429951691e-11
227.0,4.473429951691e-11
228.0,4.473429951691e-11
229.0,4.077294685990e-11
230.0,4.038647342995e-11
231.0,4.038647342995e-11
232.0,3.768115942029e-11
233.0,3.468599033816e-11
234.0,3.468599033816e-11
235.0,3.536231884058e-11
236.0,3.294685990338e-11
237.0,3.120772946860e-11
238.0,3.120772946860e-11
239.0,2.830917874396e-11
240.0,2.782608695652e-11
241.0,2.782608695652e-11
242.0,2.618357487923e-11
243.0,2.608695652174e-11
244.0,2.608695652174e-11
245.0,2.454106280193e-11
246.0,2.454106280193e-11
247.0,2.251207729469e-11
248.0,2.251207729469e-11
249.0,2.009661835749e-11
250.0,2.057971014493e-11
251.0,2.057971014493e-11
252.0,2.106280193237e-11
253.0,1.874396135266e-11
254.0,1.874396135266e-11
255.0,1.835748792271e-11
256.0,1.777777777778e-11
257.0,1.777777777778e-11
258.0,1.864734299517e-11
259.0,1.806763285024e-11
260.0,1.874396135266e-11
261.0,1.874396135266e-11
262.0,1.594202898551e-11
263.0,1.700483091787e-11
264.0,1.700483091787e-11
265.0,1.594202898551e-11
266.0,1.719806763285e-11
267.0,1.719806763285e-11
268.0,1.652173913043e-11
269.0,1.893719806763e-11
270.0,1.893719806763e-11
271.0,1.594202898551e-11
272.0,1.729468599034e-11
273.0,1.826086956522e-11
274.0,1.826086956522e-11
275.0,1.903381642512e-11
276.0,1.913043478261e-11
277.0,1.913043478261e-11
278.0,1.971014492754e-11
279.0,2.144927536232e-11
280.0,2.144927536232e-11
281.0,2.106280193237e-11
282.0,2.164251207729e-11
283.0,2.260869565217e-11
284.0,2.260869565217e-11
285.0,2.357487922705e-11
286.0,2.434782608696e-11
287.0,2.434782608696e-11
288.0,2.512077294686e-11
289.0,2.589371980676e-11
290.0,2.589371980676e-11
291.0,2.714975845411e-11
292.0,2.666666666667e-11
293.0,2.666666666667e-11
294.0,2.724637681159e-11
295.0,2.811594202899e-11
296.0,2.850241545894e-11
297.0,2.850241545894e-11
298.0,3.149758454106e-11
299.0,3.043478260870e-11
300.0,3.043478260870e-11
301.0,3.062801932367e-11
302.0,3.323671497585e-11
303.0,3.323671497585e-11
304.0,3.246376811594e-11
305.0,3.458937198068e-11
306.0,3.458937198068e-11
307.0,3.545893719807e-11
308.0,3.603864734300e-11
309.0,3.565217391304e-11
310.0,3.565217391304e-11
311.0,3.516908212560e-11
312.0,3.681159420290e-11
313.0,3.681159420290e-11
314.0,3.690821256039e-11
315.0,4.000000000000e-11
316.0,4.000000000000e-11
317.0,4.077294685990e-11
318.0,4.318840579710e-11
319.0,4.531400966184e-11
320.0,4.531400966184e-11
321.0,4.666666666667e-11
322.0,4.917874396135e-11
323.0,4.917874396135e-11
324.0,5.217391304348e-11
325.0,5.256038647343e-11
326.0,5.256038647343e-11
327.0,5.458937198068e-11
328.0,5.642512077295e-11
329.0,5.642512077295e-11
330.0,5.642512077295e-11
331.0,5.855072463768e-11
332.0,5.816425120773e-11
333.0,5.816425120773e-11
334.0,6.048309178744e-11
335.0,6.106280193237e-11
336.0,6.106280193237e-11
337.0,6.193236714976e-11
338.0,6.415458937198e-11
339.0,6.415458937198e-11
340.0,6.521739130435e-11
341.0,6.763285024155e-11
342.0,6.763285024155e-11
343.0,6.676328502415e-11
344.0,7.120772946860e-11
345.0,6.908212560386e-11
346.0,6.908212560386e-11
347.0,7.671497584541e-11
348.0,7.516908212560e-11
349.0,7.516908212560e-11
350.0,7.468599033816e-11
351.0,7.951690821256e-11
352.0,7.951690821256e-11
353.0,8.077294685990e-11
354.0,8.154589371981e-11
355.0,8.318840579710e-11
356.0,8.318840579710e-11
357.0,8.405797101449e-11
358.0,8.637681159420e-11
359.0,8.637681159420e-11
360.0,0.000000000000e+00
